Sensor_Reading,Status
-0.8328352446080264,0.0
0.09437995014106723,0.0
-0.804893671269189,0.0
0.4987102298553925,0.0
0.21692748744928672,0.0
-0.31985122211113454,0.0
-0.5914924771806315,0.0 
-0.6328113733111147,0.0
0.11877220444347239,0.0
-0.4320702059000741,0.0
0.46124084602752835,0.0
-0.5752967211316659,0.0
0.776227674936953,0.0
-0.2063064883505628,0.0
-0.4465451077257004,0.0
-0.17425364921769324,0.0
0.0797487235887463,0.0
-0.8072486384991336,0.0
-0.10254233876748957,0.0
-0.3683073219013627,0.0
-0.49559842818378463,0.0
0.30763840972504275,0.0
-0.2610894236044531,0.0
1.1066121734094716,0.0
0.02263553834680172,0.0
-0.5071837672241982,0.0
0.04124321673806344,0.0
0.22116311511132186,0.0
-0.18322385761395374,0.0
0.33068678191499024,0.0
-0.8839676174954749,0.0
0.0961575926938806,0.0
-0.16150037290585767,0.0
-0.062066310445818305,0.0
-0.09828759188928003,0.0
-1.138659782108171,0.0
0.47441533485364534,0.0
0.12034612798554392,0.0
0.27744508919868155,0.0
-0.45307865017515475,0.0
0.01871175873208238,0.0
-0.3249460046396563,0.0
-0.2839433276366762,0.0
-0.6332000325117572,0.0
0.34760420133916975,0.0
1.2637666925259592,0.0
-0.04201209244724182,0.0
-0.12663490027405927,0.0
-0.1435471412413179,0.0
0.7091469822490489,0.0
0.3736695877628832,0.0
0.08659540444277872,0.0
0.17110767630479612,0.0
-0.03905249347586837,0.0
0.007510854978682849,0.0
-0.07225282600376041,0.0
0.3852235400384062,0.0
0.004331999126266376,0.0
0.137850187389661,0.0
-0.7247802822126374,0.0
-0.1953572700604242,0.0
0.705412263486789,0.0
-0.15025919208933006,0.0
0.12627059099877253,0.0
0.34143481322314717,0.0
0.9946135057633284,0.0
-0.7471627926748963,0.0
-0.9083067379171075,0.0
0.10984690116939541,0.0
-0.8924009985625567,0.0
0.4666286296666388,0.0
1.6568935323118499,0.0
0.6832673804707643,0.0
-0.484098027580199,0.0
0.09298464977102837,0.0
-0.04798386455769115,0.0
0.08222030428732154,0.0
0.0869929594481838,0.0
-0.7907923280410747,0.0
0.6986315053129972,0.0
0.08328347188274135,0.0
-0.4840367805823835,0.0
0.41047914016255777,0.0
0.576307872390171,0.0
0.27649920876824724,0.0
0.36856270934780705,0.0
0.19056693906205224,0.0
-0.7349863059677383,0.0
0.004665094175478864,0.0
-0.35768346617769686,0.0
1.3226941695620416,0.0
-0.13057951719514369,0.0
-0.4139933083132454,0.0
0.3044541130945942,0.0
-0.076677063923643,0.0
-0.35074181094307005,0.0
0.48658963029281255,0.0
-0.3431762807609137,0.0
-0.05024826811042711,0.0
0.12951843547406897,0.0
0.8278853743787208,0.0
0.3091357753531609,0.0
-0.07306698708004473,0.0
0.8505589802790554,0.0
-0.05635022700772599,0.0
0.241167048432451,0.0
0.03368599303568363,0.0
0.18365932399539378,0.0
0.3551227148521637,0.0
-0.5939736885225574,0.0
1.3167863839142941,0.0
0.09816555083756583,0.0
0.23015221579153589,0.0
0.3916691720364611,0.0
0.28394392849666,0.0
0.18259301712355594,0.0
0.21817095019345614,0.0
0.154764617939437,0.0
-1.0241304705046663,0.0
-0.0041701214968004,0.0
0.15013485264365475,0.0
-0.45336219148203205,0.0
-0.40469686975699687,0.0
0.03138039760914003,0.0
-0.058802949748779,0.0
0.2573943432306307,0.0
0.060959780942382996,0.0
0.02426584081967478,0.0
-0.27329023300754157,0.0
0.5034860257906147,0.0
0.007431088055146358,0.0
-1.0261507510666321,0.0
-0.3934487769531484,0.0
-0.6920580992513513,0.0
-0.10937936649621512,0.0
0.6077053617634346,0.0
1.146418365304369,0.0
-0.198918421393546,0.0
-0.4554582181539607,0.0
-0.4857577851898835,0.0
-0.9822969512131619,0.0
0.41385089048715884,0.0
0.09848232166727365,0.0
0.41802176026125004,0.0
0.5460315499371372,0.0
-0.2883959264700721,0.0
-0.6272412901737728,0.0
0.38835797226566815,0.0
-0.6391849073641828,0.0
1.030061087897994,0.0
-0.2776865379881928,0.0
-0.7887246649601551,0.0
-0.7522575796059132,0.0
0.2161964405335052,0.0
-0.008527359227775757,0.0
0.1504194388943431,0.0
-0.6083543530097373,0.0
-0.41929756209551167,0.0
-0.8502948062696314,0.0
-0.4265523070111559,0.0
-0.03214569554109862,0.0
0.8963811051223717,0.0
0.6601200880468485,0.0
1.6335556643728573,0.0
0.27579215252274464,0.0
-0.11966557287528512,0.0
0.045259227591317834,0.0
-0.43574448447156905,0.0
-0.3025430279956703,0.0
0.13986625806365707,0.0
0.4082612801656726,0.0
-0.029707745585776647,0.0
-0.29523470174466193,0.0
0.4942079464740713,0.0
-0.5343042765315815,0.0
0.0043165314120232985,0.0
-0.2539851643119831,0.0
-0.5226954399124693,0.0
0.24246467726765908,0.0
0.22348965970467852,0.0
-0.6907759191446999,0.0
0.09567341575285536,0.0
0.6613437969265937,0.0
-0.28806278758200105,0.0
-0.2169657318056994,0.0
-0.0866806671414528,0.0
0.39768264394164954,0.0
-0.14154887034114222,0.0
-0.33969116221857865,0.0
-0.8881373878096668,0.0
0.03999808204645771,0.0
0.16293266271631918,0.0
-0.15030319884327015,0.0
0.20349769714907429,0.0
-0.20294093255651188,0.0
-0.1640008445359599,0.0
0.7934406752595984,0.0
0.3068173082805401,0.0
0.14691698750264695,0.0
-0.04259516763992417,0.0
0.9668479371853277,0.0
0.5276664124193408,0.0
0.4320167931922928,0.0
-0.07071331675744487,0.0
-0.19891158484177043,0.0
0.6692372410537812,0.0
-0.28075502245775785,0.0
-0.781842650557446,0.0
0.23192753521937784,0.0
-0.3035973915323045,0.0
0.35011013037057503,0.0
-0.41037427457844516,0.0
0.43427615307452233,0.0
0.4330695401835103,0.0
-0.23491258019504996,0.0
-0.05044208735039971,0.0
-0.5928089539057104,0.0
0.20636961179389887,0.0
0.13226223235169077,0.0
1.0831407004566889,0.0
0.6990794887268942,0.0
-0.6185067567347758,0.0
-0.4030791448749903,0.0
-0.03963592784142875,0.0
0.19745499380933848,0.0
-0.42611077778555567,0.0
0.2621914773797919,0.0
-0.156960804681923,0.0
-0.8376495751493185,0.0
-0.4466112628904402,0.0
0.12282146050421922,0.0
-0.026032055931322042,0.0
-0.04877124906720206,0.0
-0.33178778035205303,0.0
-0.08455196535165105,0.0
0.05344862860667729,0.0
0.5623152268627366,0.0
-0.3410426602103926,0.0
0.49396981848488863,0.0
0.02160958173093542,0.0
0.053541875994428056,0.0
0.4175018437665504,0.0
-0.19566177865688414,0.0
-0.5874020596443248,0.0
0.009830067993790527,0.0
0.3613731192157174,0.0
0.2983537066470306,0.0
-0.7593269242301651,0.0
0.941246816544297,0.0
-0.12056777828006983,0.0
-0.24105873963525232,0.0
0.058946083559912585,0.0
0.3935263828534941,0.0
0.03624189120150577,0.0
0.1293155463692852,0.0
-0.2691486288130721,0.0
-0.5141157165684361,0.0
-0.010384704813741083,0.0
-0.44219075142832626,0.0
0.6380178132129337,0.0
0.27981094745624974,0.0
-0.6809142605456296,0.0
0.5440101389600551,0.0
1.0893157731784033,0.0
0.09642177238747074,0.0
0.559508052384172,0.0
0.10089524571616594,0.0
-0.6542847923517123,0.0
-0.8529879552294997,0.0
0.4896808523148621,0.0
0.38169856353547615,0.0
0.07435925600254585,0.0
-0.5463152358497622,0.0
0.32511469561764256,0.0
1.1776690763742592,0.0
0.43937943187160244,0.0
0.4235027540182228,0.0
0.4888157137684929,0.0
-0.46056924604638894,0.0
-0.3567328213078717,0.0
0.7627936200142018,0.0
-0.26533036474319094,0.0
-0.4315254887662222,0.0
0.4825265630052109,0.0
-0.5217786979185395,0.0
0.48872843476662764,0.0
-0.04533285845465218,0.0
-0.5356964240796628,0.0
-0.29447042295528736,0.0
0.5027104282126007,0.0
-0.7754838201836791,0.0
0.5071235651176705,0.0
0.37533595784349827,0.0
-0.12350311254984987,0.0
0.07592146613612412,0.0
-0.23712564069946726,0.0
-1.2131780048226308,0.0
-0.7727148027583629,0.0
1.2796384309656346,0.0
-0.18221007364152925,0.0
-0.8292128633735748,0.0
0.49081835003723767,0.0
-0.04125975180316509,0.0
-0.3151675451899309,0.0
0.02967092318780953,0.0
0.6027014944393874,0.0
0.10407776169553185,0.0
-1.2948648048090392,0.0
-0.0007473110578948154,0.0
-0.3932069724934168,0.0
-0.5801675942028811,0.0
-0.13413873240143398,0.0
0.19727099512750534,0.0
0.6443479067641267,0.0
0.14362393019241795,0.0
0.4464518553719645,0.0
0.30253420655743773,0.0
0.09806057549189902,0.0
0.15994026692113705,0.0
-0.14519961141451218,0.0
-0.14144916700906318,0.0
-0.49372978441059723,0.0
-0.2517769208368576,0.0
0.22133111190907628,0.0
-0.0993969174803432,0.0
-0.3957905934923238,0.0
0.06820141864580623,0.0
-0.27054377769201965,0.0
0.2389063300451384,0.0
0.6726677118847139,0.0
0.8395364271351295,0.0
0.6936359895794851,0.0
-0.6897037607570022,0.0
0.8797021206028051,0.0
-0.19902086237843775,0.0
0.4355462028455811,0.0
0.8899568923781249,0.0
-0.14486469680577782,0.0
0.8369623146169074,0.0
-0.04875629046171421,0.0
0.8085069351708573,0.0
-0.3187130131353518,0.0
0.20833573834999655,0.0
0.45359088534309017,0.0
-0.3230647105137776,0.0
0.3749350279863075,0.0
0.015810601833506806,0.0
0.2949266921948064,0.0
-0.7530196019522617,0.0
0.4806809870008044,0.0
0.3020535812931276,0.0
0.09567123976833697,0.0
0.16777371483049533,0.0
0.09829941193868771,0.0
0.5387804861642352,0.0
-0.6938480900993889,0.0
0.1582681953133127,0.0
0.4120569117819953,0.0
-0.18812470915327256,0.0
-0.10574362290624886,0.0
0.9173656722876904,0.0
-0.10479671703091112,0.0
0.04640309162128836,0.0
-0.2603579136082496,0.0
0.35435945838289107,0.0
0.4193350923507421,0.0
0.0023208915175657995,0.0
-0.3325761781479921,0.0
-0.6031222173500655,0.0
0.3615297047711526,0.0
0.1710718759201208,0.0
-0.02250241086823331,0.0
-0.17292002010238552,0.0
-0.08738833692748008,0.0
-0.30292978763636946,0.0
0.36334463062552286,0.0
0.20601267561239126,0.0
1.1390457522147115,0.0
-0.5158209101107671,0.0
-0.8086440475024443,0.0
0.010654176835206815,0.0
0.5728421635615827,0.0
-0.1755192717579416,0.0
0.8376000679612389,0.0
-0.7721311622403634,0.0
-0.35420422056033685,0.0
-0.23496318554333964,0.0
-0.4513355291909699,0.0
0.13207932994783633,0.0
0.49355595239812206,0.0
0.9899163980613557,0.0
-0.3727101520236819,0.0
0.4192969892834319,0.0
0.4805800873665251,0.0
-0.37808962736979373,0.0
0.9264290192455077,0.0
0.42072050424551194,0.0
-0.6963046272649042,0.0
-0.392122679552164,0.0
0.8626193226864088,0.0
-0.47746783352606303,0.0
0.46208529688806205,0.0
0.44382688733669057,0.0
-0.621511618505814,0.0
-1.1885580946368455,0.0
-0.2728339242103133,0.0
0.09245520758589798,0.0
0.36804580265020176,0.0
-0.6102541944189498,0.0
-0.7801796165137465,0.0
0.456009542346179,0.0
0.15342649498649694,0.0
0.5600856090990078,0.0
0.5186249412705197,0.0
0.7676015023003484,0.0
0.5572003971172693,0.0
-0.11506421176885676,0.0
-0.4476421487071213,0.0
-0.2137099916386957,0.0
-0.4290750709485635,0.0
0.35304249660450043,0.0
0.6856991779349914,0.0
-1.198644831305876,0.0
-0.4479023287759192,0.0
-0.17446493796281404,0.0
0.24811956432310914,0.0
0.07522060557193683,0.0
0.2718245257968536,0.0
-0.10151006658831624,0.0
0.09212851060376331,0.0
-0.08604796069307892,0.0
-0.15673490792704395,0.0
-0.2190997564041778,0.0
0.3140280084488029,0.0
-0.24299986143271787,0.0
0.043808462292884764,0.0
0.03751605369433644,0.0
-0.014176781279205387,0.0
-0.5164990412331693,0.0
-0.08658255971250392,0.0
0.7939241154470127,0.0
0.23053982565412479,0.0
-0.8535756079867185,0.0
0.45904050622502923,0.0
0.3145701969380882,0.0
-1.2220023326370137,0.0
0.5154508619627745,0.0
0.9291748655295105,0.0
-1.147966454048731,0.0
0.4001115845096149,0.0
-0.022520629328743543,0.0
0.0995338905905226,0.0
0.6658592421597023,0.0
0.10509986600791031,0.0
-0.41113489609470266,0.0
-0.01783356998496894,0.0
-0.43132434488076665,0.0
-0.13026575428418505,0.0
-0.6060174955444222,0.0
-0.5827369190615008,0.0
0.8003584386256151,0.0
-0.4857162893749719,0.0
0.05924344717959853,0.0
0.39054200462437016,0.0
-0.19899619365600638,0.0
-0.40405213985821836,0.0
-0.8981176584467379,0.0
0.4049411658380282,0.0
0.2709441302906161,0.0
0.35805900842692484,0.0
-0.11361666046159143,0.0
0.8390794481692896,0.0
0.6471018958626986,0.0
0.2593331847125719,0.0
0.2395268062473745,0.0
-0.0824099503806338,0.0
0.21287017637782088,0.0
0.024210374777495335,0.0
0.5995010650851047,0.0
0.02128693429555155,0.0
-0.20825929332560394,0.0
-0.49534847456255415,0.0
-1.0865251016795858,0.0
-0.7237379471632466,0.0
-0.33816969647643635,0.0
-0.7211640943738203,0.0
-0.8601224445781299,0.0
-0.980355322451959,0.0
0.0531455810075913,0.0
-0.4133191088853003,0.0
0.71617052796962,0.0
0.6871830445785272,0.0
0.11152723230929641,0.0
0.09204852127589223,0.0
0.056443123287428336,0.0
-0.25557169265188723,0.0
-0.5320834087184158,0.0
-0.10772547930808951,0.0
0.6220476726517753,0.0
0.13163253946254128,0.0
0.6486254697608199,0.0
0.06964576838287231,0.0
-0.33244972658621574,0.0
-0.5124573637926623,0.0
0.4557736711911373,0.0
-0.2769686115223839,0.0
0.5042455897493057,0.0
-0.7823956354574685,0.0
0.09699244733202445,0.0
0.6646699274042401,0.0
0.6899535543723282,0.0
0.31884432824446424,0.0
-0.29221032494572563,0.0
-0.35628051166369795,0.0
0.09223216790936105,0.0
-0.042762850650904155,0.0
0.4563751306612577,0.0
-0.8701526778532093,0.0
-0.36688719923214214,0.0
-0.5893399095976027,0.0
-0.13233749683428447,0.0
-0.30521880623718567,0.0
0.30415307999953567,0.0
0.5031236925390877,0.0
-0.9832909083176773,0.0
0.33732585467384796,0.0
-0.5348849953625369,0.0
0.9664798747982043,0.0
-0.9672386034203102,0.0
0.2591328268927118,0.0
-0.14968573529451856,0.0
0.3138949162775733,0.0
-0.4336662315528357,0.0
0.5369116514513437,0.0
-1.0228946401039825,0.0
-0.1824963143065471,0.0
-0.1991621175598646,0.0
-0.8842744428316431,0.0
-0.41587629568478546,0.0
-0.3282971505857954,0.0
-1.0221899574267663,0.0
0.253112649246593,0.0
-0.33452350224981436,0.0
0.072930541292239,0.0
0.1559115470865974,0.0
0.4196326382791223,0.0
0.0963964170009324,0.0
-0.08094880312428805,0.0
-0.03532407311183254,0.0
0.2872553226457989,0.0
1.1583924246803943,0.0
-0.4495195194070057,0.0
-0.5515790917314891,0.0
-0.11506362433885586,0.0
0.2534193530188686,0.0
0.7415552510986612,0.0
0.13874221240916185,0.0
-0.1998638997508425,0.0
-0.7652124911973157,0.0
0.4434542550229326,0.0
0.2999807261360853,0.0
-0.10437592415636615,0.0
-0.05367103217211372,0.0
0.14572032133524926,0.0
0.024686982238741058,0.0
-0.47377250927219067,0.0
1.0970241444357727,0.0
-0.3564456016459711,0.0
-0.28149989256211055,0.0
-0.5386855093497739,0.0
0.33312078500235187,0.0
-0.8070469387186048,0.0
0.02599376688766326,0.0
-0.5355188953069074,0.0
-0.9116914585525355,0.0
-0.22276735957686772,0.0
0.07306105607733421,0.0
0.6545475998352522,0.0
-0.45503829334085977,0.0
0.15546569541592942,0.0
0.831635041133849,0.0
-0.5122888643142469,0.0
0.31579939405703006,0.0
-0.6740816625937296,0.0
0.6778377120534514,0.0
0.6692232782598986,0.0
0.44597584440651183,0.0
-0.5674335817401865,0.0
0.06208592652843338,0.0
0.6298824770463084,0.0
-0.18710001484681169,0.0
0.50245563469866,0.0
-0.2555963067954032,0.0
-0.5891336378294415,0.0
-0.30623325014513886,0.0
-0.1111280422615787,0.0
-0.6322309590102106,0.0
-0.7823964671062887,0.0
-0.39492074537774535,0.0
0.3674447272148381,0.0
0.6620413896443841,0.0
0.11525710290298909,0.0
-0.19660361478028496,0.0
-0.6061095328383779,0.0
0.14502607726687824,0.0
-0.03361657193789867,0.0
0.5933848384753626,0.0
0.34542990567335735,0.0
-0.07911052627971649,0.0
0.0670421653955181,0.0
0.7471470020675629,0.0
0.3496224995402078,0.0
-0.9889515290077573,0.0
0.17747242429035825,0.0
0.7348555408587533,0.0
0.20172444866530947,0.0
0.20321050351889472,0.0
-0.1581244088267735,0.0
-0.10541152530536564,0.0
-0.45128743765894885,0.0
0.246147565570713,0.0
0.6524506725000044,0.0
-0.3509041990798868,0.0
0.9804638728601819,0.0
-0.41496722254979035,0.0
0.07328187137661563,0.0
0.2447307410062966,0.0
0.34029492151348,0.0
0.017926620125562218,0.0
-0.8741575759789418,0.0
0.08812617636875575,0.0
-0.4746928451626664,0.0
-0.8041084966899132,0.0
-0.01208220635818963,0.0
-0.1950934818170288,0.0
-0.3342430145576616,0.0
0.37606931670297034,0.0
0.5722906901999084,0.0
-0.19945222283881764,0.0
-0.18344321943899755,0.0
0.5314553273179248,0.0
-0.7397901580190768,0.0
-0.3333811260502761,0.0
0.5670958909884068,0.0
-0.09387191183255522,0.0
0.3045089758543279,0.0
0.17066753000427826,0.0
0.7127111040077836,0.0
0.3050950786088903,0.0
0.28496385886029446,0.0
-0.133609659820908,0.0
0.5478962071885322,0.0
-0.3456830793173275,0.0
0.2644320332906228,0.0
-0.15611335134590032,0.0
-0.6240035939943387,0.0
0.07191276918550346,0.0
-0.18089875589931634,0.0
-0.4799257481260523,0.0
0.09901981367776248,0.0
0.44667211886219504,0.0
-0.6160813068462591,0.0
-0.5784049114955941,0.0
-0.7987944288151329,0.0
-0.5427004327308025,0.0
0.9296876611411177,0.0
-0.10374596903385569,0.0
-0.27777390086911413,0.0
0.10252352682458002,0.0
0.0870428751028563,0.0
-0.23457063520536417,0.0
0.052508831021158525,0.0
0.26622508949925555,0.0
-0.2667674937688107,0.0
-0.04795660906350574,0.0
-0.27191422799755155,0.0
-0.5612204528433591,0.0
-0.4310153813056494,0.0
-0.010294082818088867,0.0
-0.32148723534874046,0.0
0.7949350036320837,0.0
0.8275558545766305,0.0
0.31260847522901025,0.0
0.13797588950305092,0.0
0.5909097275743495,0.0
0.2795402156736009,0.0
0.304154984977886,0.0
-0.5144834052413026,0.0
-0.15339432272726822,0.0
0.45693613058936255,0.0
0.3284428823760269,0.0
0.01702870869098345,0.0
-0.10974047862790491,0.0
-0.09467650392238972,0.0
-0.492111915297658,0.0
0.7105185493778621,0.0
0.38461982789106797,0.0
-0.13329682411186458,0.0
0.13695103538969997,0.0
-0.2638036196383572,0.0
0.4830835085134952,0.0
-0.2932447635140848,0.0
0.32955820143212455,0.0
-0.7137696870529306,0.0
-0.19133108100908022,0.0
-0.49048222746719733,0.0
0.0783306809059367,0.0
-0.9238925403133594,0.0
-0.07993987763227463,0.0
0.8149596006399055,0.0
0.05390802265453438,0.0
0.609775642086702,0.0
0.038293834294299216,0.0
-0.20834370399248514,0.0
-0.5092099666080299,0.0
0.2099615264867119,0.0
-0.3292902038314749,0.0
-0.19129735582850357,0.0
0.47962688598394165,0.0
-0.32845864934617386,0.0
0.08731879113593702,0.0
0.2914265976611343,0.0
0.5831315943389281,0.0
0.06917420692342467,0.0
-0.0054722445801189045,0.0
0.08909895413353452,0.0
0.34248724818390475,0.0
-0.4485538166934471,0.0
0.2518037846425721,0.0
0.12292725885220465,0.0
0.4307556318953852,0.0
1.0645921778736296,0.0
0.19633370875004375,0.0
-0.04790202350516184,0.0
-0.6172041866172466,0.0
-0.28270054707779935,0.0
0.7537231491744547,0.0
-0.985394132008778,0.0
-0.6992603777958498,0.0
-0.7202487370279511,0.0
-0.6036881387870496,0.0
0.8688796701128302,0.0
-0.4251408656693725,0.0
0.3478828723375329,0.0
0.010510155152169302,0.0
0.3178796061476812,0.0
1.4883133085141784,0.0
0.24230082218049956,0.0
-0.2773204046879016,0.0
0.8510082518000708,0.0
0.7997291152203758,0.0
0.01456872150420447,0.0
-0.21002659383521222,0.0
0.26624868062614715,0.0
-1.0471094384065267,0.0
-0.676379654254721,0.0
0.10000173240411245,0.0
0.10437832877976676,0.0
-0.26561057691216555,0.0
0.5668537550616564,0.0
-0.12484070276268545,0.0
0.09990936336672036,0.0
0.08972883467354897,0.0
-0.22620048179705193,0.0
0.6509615346387191,0.0
0.7669260232601086,0.0
-0.6020594954922752,0.0
0.30670527123862174,0.0
0.48476296743175606,0.0
-0.02062506073966974,0.0
0.8316991768252366,0.0
-0.14179549520287882,0.0
1.228778121733366,0.0
0.4715739719457165,0.0
-0.8208543722444621,0.0
0.26746431720446767,0.0
-0.1703429309444928,0.0
-0.08921819743652441,0.0
-0.33522897142897246,0.0
0.42163148065173783,0.0
-0.45867436843344817,0.0
-0.04481522438355795,0.0
-1.4112452812085696,0.0
-0.7220571729474647,0.0
-0.035058272704753396,0.0
-0.6695315141731201,0.0
0.21637310432920606,0.0
-0.36968325530489127,0.0
-0.04779565688420398,0.0
0.3951954168883046,0.0
-0.7657140894162305,0.0
0.6976928222112349,0.0
0.9823803485619628,0.0
0.8054372957162768,0.0
-0.31022998603309776,0.0
-0.820314992989495,0.0
-0.1350545186300902,0.0
0.17510116257807615,0.0
-0.22165645630357522,0.0
-0.5319015022617101,0.0
0.20894952503426936,0.0
0.3639043883869286,0.0
0.21401938771601037,0.0
0.2665928528921147,0.0
-0.8005784864782379,0.0
-0.380111078989082,0.0
-0.1001112154307017,0.0
-0.49884090232233214,0.0
-0.5734817277318627,0.0
-0.05061893470477671,0.0
0.1420979429164007,0.0
0.762469244461125,0.0
-0.010546150192750394,0.0
-0.12236842149496839,0.0
0.01942253665987325,0.0
0.2473996782475584,0.0
0.8796574648748335,0.0
-0.357702146628388,0.0
0.14730550142664275,0.0
0.4562477787931139,0.0
-0.07137588639828626,0.0
-0.1487080726434532,0.0
-0.14544722675569904,0.0
-0.08666250367730972,0.0
-0.12270046926611677,0.0
0.05366199022112199,0.0
0.46039812980664246,0.0
-0.30875083805219955,0.0
0.31415670154481307,0.0
0.08159179987716399,0.0
-0.3758217706071407,0.0
0.7500725413961056,0.0
0.7634650377535176,0.0
-1.256146144451381,0.0
1.3267501412028404,0.0
-0.07202409047142816,0.0
0.680325096972012,0.0
0.4475733229977525,0.0
0.26479168991500024,0.0
-0.07520870948778989,0.0
-0.3780858942617713,0.0
1.3828787412562973,0.0
-0.65834493044167,0.0
-0.14132971923260781,0.0
0.796384976236717,0.0
-0.6334863978772889,0.0
0.4672924220113563,0.0
-0.515041844395952,0.0
0.04569911266617571,0.0
-0.7144522473674126,0.0
-0.13701623665202403,0.0
-0.33841496245117236,0.0
-0.1822986505406701,0.0
0.012834388253332649,0.0
0.23858788297424957,0.0
0.5196559920404825,0.0
-0.26802870687051294,0.0
-0.5210608347517204,0.0
-0.214772838154516,0.0
-0.5350296298053857,0.0
0.6882356499949427,0.0
-0.09312777124044806,0.0
-0.016407538334429095,0.0
0.6482672616997862,0.0
-0.6538720942859486,0.0
-0.35769475637643383,0.0
-0.30521882912923065,0.0
-0.03369049596829841,0.0
-0.7948627139324771,0.0
-0.2563151689127696,0.0
0.8707255811278803,0.0
0.3150466991100086,0.0
0.007710139341306454,0.0
-0.6277708956306429,0.0
-0.487386059127815,0.0
0.9712575355649716,0.0
-0.4364179495214041,0.0
-0.24753408940972502,0.0
-0.802495462685757,0.0
-0.21745528532418554,0.0
0.13787634298507745,0.0
0.010865200313635356,0.0
0.3667445877938186,0.0
-0.07297597674837161,0.0
-0.1925232394681529,0.0
1.1651654041416073,0.0
-0.0571240924777966,0.0
-0.8803028664393273,0.0
0.10290296987031344,0.0
0.22750742002625793,0.0
-0.08647482512695875,0.0
0.5724010081371307,0.0
-0.6203161973829676,0.0
0.66392701400629,0.0
-0.8080629803457766,0.0
-0.3248788812791543,0.0
-0.24480228018740796,0.0
0.1646555954977341,0.0
-1.3499121641750362,0.0
-1.150446747754191,0.0
0.21732070370828516,0.0
0.3934289355444051,0.0
-0.28570165449907164,0.0
-0.05429781730781663,0.0
0.03789959669539759,0.0
0.05491018337041581,0.0
-0.5807559411554184,0.0
-0.6058663144131946,0.0
-0.0783484313169941,0.0
-0.07781977168705966,0.0
0.3584560585581636,0.0
-0.46048965803607944,0.0
0.20947884319458063,0.0
-0.2383247361175509,0.0
-0.9891400413502702,0.0
-0.3000318861102485,0.0
-0.13424225814591603,0.0
0.6329889264457362,0.0
0.23882601817324609,0.0
0.5066310579270568,0.0
0.8797373420668156,0.0
1.1426908681217416,0.0
1.103206317232067,0.0
0.46852280238511057,0.0
-0.0601907968130813,0.0
-0.20828964520881058,0.0
-0.7148939139575545,0.0
-0.43921710140135933,0.0
-0.08530175246763448,0.0
0.43317281913074945,0.0
1.3147652810149648,0.0
0.316716402940844,0.0
-0.4545534592840087,0.0
-0.47447714814636327,0.0
0.9899100829551449,0.0
-0.20590628713247025,0.0
-0.30270350501377724,0.0
0.03508952143505451,0.0
0.6528838646886026,0.0
-1.153329023225648,0.0
0.02466619970912713,0.0
0.08965677385933805,0.0
0.6600644255968121,0.0
-0.22669726165232462,0.0
-0.09009892653933095,0.0
0.49098912071666384,0.0
0.4679530372487188,0.0
0.05197990924292893,0.0
0.6526327558416747,0.0
-0.32499041371535276,0.0
0.09303483489945329,0.0
0.08234985423873921,0.0
0.45652428227896635,0.0
-0.3804692626852467,0.0
0.0709753010378113,0.0
-0.013070483323790006,0.0
0.37681757558653695,0.0
-0.7703611747219077,0.0
0.6054661710991398,0.0
0.4535200255626072,0.0
0.6801150598222512,0.0
0.4527243704944081,0.0
0.30629531912328367,0.0
-0.6201448221953335,0.0
0.20677993494570718,0.0
0.18296486853534788,0.0
-0.3276991083150087,0.0
-0.08809108994124568,0.0
-0.24976688394105134,0.0
1.018058377562476,0.0
0.32742373094742244,0.0
0.11440871887635154,0.0
0.698215551572993,0.0
0.7222900635334761,0.0
0.13683659527019815,0.0
-0.7429650947044654,0.0
0.23719872036824208,0.0
-0.7716134565792363,0.0
0.22839508770263095,0.0
0.32525476427422756,0.0
0.33207910956365566,0.0
-0.2715656883110486,0.0
0.12346211467911701,0.0
-0.2756449007949756,0.0
-0.516474917971324,0.0
0.3857703204052794,0.0
0.298212351421948,0.0
-0.65738917896281,0.0
0.2310098837599355,0.0
0.025541012402777837,0.0
-1.0270384882660186,0.0
-0.49015652298927204,0.0
-0.3047104070652198,0.0
0.08973869055848216,0.0
-0.8103555491155582,0.0
0.244887805584786,0.0
-0.038928271857574796,0.0
-0.603465628129172,0.0
-0.1775411966636311,0.0
-0.8303046337623456,0.0
-0.28240121961353826,0.0
0.20588292364202085,0.0
0.6781062117465532,0.0
-0.878627274056894,0.0
-0.7838362522586568,0.0
0.14432664701241144,0.0
0.9033469319323933,0.0
0.06540810301140505,0.0
-0.21972257445592375,0.0
-0.12737384617032846,0.0
-0.04567582046073791,0.0
-0.2282740742260648,0.0
0.6952556008323904,0.0
-0.47679548577989433,0.0
0.09298424980821404,0.0
0.02913732897818565,0.0
-0.26101309436017645,0.0
0.9594021579049433,0.0
0.04750181868481705,0.0
-0.2904084387748043,0.0
0.6975054033484877,0.0
0.6834712263107451,0.0
1.5963031711844635,0.0
-0.006075441674573111,0.0
-0.1683581844272335,0.0
-0.5920991654200585,0.0
-0.35985703885927095,0.0
-0.6672404866913121,0.0
-0.06771201691449599,0.0
0.9151963573456909,0.0
-0.5118452169528913,0.0
0.346490547591664,0.0
-0.07439063574967751,0.0
-0.6818684759950532,0.0
0.25685384432696884,0.0
0.5296309959645855,0.0
0.3645775845282194,0.0
-0.3115882267057382,0.0
-0.3218584642466942,0.0
1.0342411519780912,0.0
0.016070916179743704,0.0
-0.5581715325728303,0.0
0.04179632032449571,0.0
-0.2666521250061619,0.0
0.10440572645498393,0.0
0.5378132616258565,0.0
-0.9079710684780729,0.0
-0.4795686464655913,0.0
-0.11520729973372898,0.0
-0.46156956139297084,0.0
0.5018996047862015,0.0
-0.152728524435534,0.0
-0.30622183892986043,0.0
-0.8386133075827393,0.0
-0.06731894284135534,0.0
-0.06561822283614965,0.0
0.14389835321399524,0.0
-1.2359325629875308,0.0
-0.19682080337911687,0.0
0.3498510426300705,0.0
0.716755923034348,0.0
0.3119228344420124,0.0
-0.4815007714335269,0.0
-0.8125314345340349,0.0
-0.6947916991824606,0.0
-0.5481408780217302,0.0
0.2353654406973533,0.0
-0.16018407003704827,0.0
0.4036134456226863,0.0
-0.027922792134397363,0.0
-0.292683316831973,0.0
0.6265096043696353,0.0
-0.31363182283854985,0.0
-0.3209476921994432,0.0
0.503071895192304,0.0
-0.29700387763100466,0.0
0.1759078165345746,0.0
-0.939783607753704,0.0
0.17274287806475372,0.0
0.33909056523460046,0.0
-0.10128082839462185,0.0
-0.17757174404463394,0.0
0.1310988255897274,0.0
-0.20086441682244024,0.0
-0.9328410810818987,0.0
-0.09552461611077882,0.0
-0.05142342954254249,0.0
0.167994104174573,0.0
-0.4658305066717399,0.0
-0.12887425734757627,0.0
-0.523087955999115,0.0
0.36017713633626425,0.0
-0.32419135797621584,0.0
-0.39958856496222994,0.0
0.004667777004583926,0.0
0.40453836823388045,0.0
0.9922596569198223,0.0
-0.35419964408399146,0.0
-0.1332091907001109,0.0
-0.18221422315739821,0.0
-0.13940335820241004,0.0
-0.5775318255423035,0.0
0.08627979347789093,0.0
1.1783954033080661,0.0
0.7325887442293489,0.0
-0.3713741869049684,0.0
-0.7124933451477087,0.0
0.14384886454554935,0.0
-0.013537203301098855,0.0
0.1625071242734258,0.0
-0.10939465737011975,0.0
-0.33957382064833297,0.0
-0.31764820438108454,0.0
-0.9494004169060486,0.0
0.43889156385630296,0.0
1.0433753391898755,0.0
-0.2280578672750825,0.0
0.8041762214152649,0.0
-0.7284622758255754,0.0
0.4689964175182668,0.0
0.16163887756114778,0.0
-0.6143733311118786,0.0
-0.7452550504749338,0.0
0.3174083895180179,0.0
0.19427056226799475,0.0
-0.078215366465009,0.0
-0.40352147408205785,0.0
0.4105440037698,0.0
-0.1365007066870415,0.0
-0.3455101347870625,0.0
-0.29252119734609633,0.0
-0.33182453731579153,0.0
-0.1358670503485192,0.0
0.028043554527630764,0.0
-0.27805232452785766,0.0
-0.08537297241820445,0.0
0.057866214077860086,0.0
0.001249204929882249,0.0
0.2896680231568242,0.0
0.24400884998057007,0.0
0.21145319947407845,0.0
-0.7055620423734376,0.0
-0.566955870289159,0.0
0.06332530344055391,0.0
0.6191483117681233,0.0
-0.23601524009178879,0.0
-0.030314736773957116,0.0
0.22284033632168387,0.0
0.6461405478209149,0.0
-0.5285554165329722,0.0
0.6174789698596629,0.0
-0.14146062608364904,0.0
-0.49461560913540276,0.0
0.21967245646919578,0.0
0.03967067238452515,0.0
0.5453875673985957,0.0
0.1062600476713638,0.0
0.4513312564830831,0.0
0.2367066912731199,0.0
-0.3055804651789851,0.0
0.08721213176447033,0.0
-0.38734145876682124,0.0
-0.8418260652328462,0.0
-0.15724440908368978,0.0
-0.9204501508882404,0.0
0.17368880701121245,0.0
-1.234807939137835,0.0
0.11224675958071358,0.0
-0.05295596565911412,0.0
-0.013631360308033488,0.0
0.8497988073751958,0.0
-1.189519512355978,0.0
0.7726072967272842,0.0
-0.4369369411033362,0.0
-0.030660854011373362,0.0
0.14484897192229532,0.0
-0.5553870309667055,0.0
-0.17000849244618968,0.0
0.6772445481619785,0.0
0.17046169320419402,0.0
0.1219250683534429,0.0
-0.6523562701438028,0.0
0.12739601245996507,0.0
0.6301304521375138,0.0
-0.10994200238063141,0.0
0.18594970810627925,0.0
-0.2272971685459691,0.0
-0.25533242139294454,0.0
-1.0473172077910622,0.0
-0.18315795770105062,0.0
0.25616336944200174,0.0
0.37750320408315535,0.0
0.28326991407648733,0.0
0.3869651749799197,0.0
-0.6642574894752593,0.0
-0.28640735139721174,0.0
0.4062917735249778,0.0
-0.19451808618710772,0.0
-0.50726365075983,0.0
-0.8198963190850512,0.0
1.0839613614074803,0.0
0.22956360569545212,0.0
0.2906589455456001,0.0
-0.5339248254664741,0.0
-0.004652833246443398,0.0
-0.5495641716287347,0.0
-0.7770833973196886,0.0
0.023788317576483396,0.0
-0.11635666819281716,0.0
1.1788389266475985,0.0
-0.3864344339604503,0.0
0.4688097150343865,0.0
0.6069847351117501,0.0
0.3880414349769194,0.0
0.08895373126148495,0.0
-0.33789357181697516,0.0
0.6504850506993938,0.0
0.9382487870794619,0.0
-0.6093187280489404,0.0
-0.25952957508347513,0.0
0.8204216554747356,0.0
-0.3371771573391565,0.0
-0.04791549943285473,0.0
-0.93772153804052,0.0
-0.6821558113917068,0.0
-0.6003116248676531,0.0
0.3952679158622985,0.0
-0.3678247021127611,0.0
0.6123268326244765,0.0
-0.5395431570666912,0.0
-0.10684799995106732,0.0
-0.45260074891394714,0.0
-0.48707713405925535,0.0
0.3763066621800426,0.0
0.31643029135179424,0.0
-0.3299031719869448,0.0
0.5589476739242744,0.0
-0.42040263803597727,0.0
-0.8237522752063821,0.0
-0.2562346612310305,0.0
-0.8833753694363281,0.0
-0.38107238147867767,0.0
0.19819285253763355,0.0
0.0032059770603362165,0.0
0.39806194055557226,0.0
-1.0873436536702419,0.0
0.05228752750117435,0.0
-0.31993553313398077,0.0
-0.5498521640353679,0.0
0.2750481495119807,0.0
-0.177602871719499,0.0
-0.4880453067047267,0.0
0.13640102096146509,0.0
1.2803783196731693,0.0
0.29317262124298477,0.0
-0.17404580182158752,0.0
-0.2060566151121307,0.0
-0.018211672021114924,0.0
0.4847095574646782,0.0
-0.474191223417653,0.0
-0.3968288382991514,0.0
-0.20923577507701607,0.0
-0.7049081790261191,0.0
-0.46534403101559746,0.0
-0.3229843506053089,0.0
-0.48004469621972695,0.0
-0.3294203852700234,0.0
-0.5723774982061721,0.0
0.054535994658747776,0.0
-0.9650590176021091,0.0
0.3280581409595046,0.0
0.8732163388567258,0.0
-0.23692610229811928,0.0
0.2980446478414273,0.0
-1.2582869928100129,0.0
0.08977991348536891,0.0
0.38196735490045675,0.0
0.37966201148725087,0.0
0.18447478458603106,0.0
-0.14326252761539174,0.0
-0.5560918515964094,0.0
0.05319771888449955,0.0
-0.5923222321978612,0.0
0.45714543223306536,0.0
0.34908826566622003,0.0
-0.2717083261982989,0.0
-0.185019300103843,0.0
-0.657876717791253,0.0
-0.656844618008856,0.0
-0.04892689650709655,0.0
-0.277800787731656,0.0
0.18165518103402067,0.0
0.2713942551805018,0.0
-1.0525151475453243,0.0
-0.18003300909813894,0.0
0.5689208428959147,0.0
0.41675785377357827,0.0
0.10858073943295904,0.0
-0.12282594150959031,0.0
-0.19299397582133213,0.0
0.437639795236889,0.0
0.1621834614070657,0.0
0.0031100452983804034,0.0
-0.5029326388483906,0.0
0.27625205028759475,0.0
-0.2439206108455499,0.0
0.40108122964369014,0.0
0.6063583940574337,0.0
0.7295954856382987,0.0
-0.5889866376957285,0.0
0.1356096561222021,0.0
-0.02735023775470271,0.0
-0.5199020758075404,0.0
0.36826959093387407,0.0
-1.1573281091571388,0.0
0.10277212903342613,0.0
0.5032716788956934,0.0
0.48479079204392445,0.0
-0.1990266110831478,0.0
0.2551916010363611,0.0
-0.3711201195081685,0.0
-0.003554996663800094,0.0
0.7041249159044003,0.0
0.14227623355435698,0.0
0.12029050922601581,0.0
0.350031274134552,0.0
-0.09922073156620755,0.0
0.23453772882104743,0.0
-0.06555351341063109,0.0
-0.3144647676376948,0.0
-0.2198144546470678,0.0
-0.5289973638406928,0.0
-0.39531853730223415,0.0
0.017091124872501678,0.0
-0.16728066506769967,0.0
0.2509152335528116,0.0
0.31981324076718276,0.0
-0.5432192048254058,0.0
0.0768945736647139,0.0
-0.26564267513298895,0.0
-0.42076917010615655,0.0
-0.5764218753379146,0.0
0.19063825051855654,0.0
0.5123513767462415,0.0
-0.652216737796639,0.0
0.10930875846716095,0.0
0.0523477432721144,0.0
0.5401749820345336,0.0
-0.35083761771517863,0.0
0.13686088988325473,0.0
-0.5705657934237033,0.0
-0.27703126736923606,0.0
0.026778450376773285,0.0
-0.29939624307315044,0.0
0.9152156277510746,0.0
-0.34380625331741843,0.0
-0.27402464772022234,0.0
-0.022451624278125852,0.0
0.3238924083531066,0.0
-0.6845983365850274,0.0
0.8450701416627369,0.0
-0.022275965442875124,0.0
0.0867174775334605,0.0
0.5311144369066066,0.0
-0.03727218270305938,0.0
0.2481024165872306,0.0
0.5616658159029593,0.0
-0.02471261361425433,0.0
0.6640248810802692,0.0
0.8089499279377212,0.0
0.26783652219789794,0.0
0.033888225513650436,0.0
0.6456706422513749,0.0
0.015616508318046316,0.0
0.968068659039342,0.0
0.4614403591238713,0.0
0.11161395902516735,0.0
0.6296634729626951,0.0
-0.6187464990158857,0.0
0.20650060108432405,0.0
-0.785063245023246,0.0
-0.6171088613995922,0.0
-0.17311202495296227,0.0
-0.2865259781833412,0.0
-0.3161662800395498,0.0
-0.40957501966763665,0.0
0.12699688343465582,0.0
0.3495648248482887,0.0
0.023227608477795727,0.0
-0.29962506624298435,0.0
0.49589693817103325,0.0
0.6817685544038633,0.0
1.2132710152672472,0.0
-0.16615791322891998,0.0
0.5559215807679438,0.0
0.0771830627854005,0.0
0.07131365267323907,0.0
-0.2926180657517064,0.0
0.12440664990954951,0.0
0.7591184952796913,0.0
0.12152429012971723,0.0
-0.25761125523251344,0.0
0.6187785189402465,0.0
-0.22473442333928514,0.0
0.8862983355835854,0.0
0.1908747032173677,0.0
0.1325924641448852,0.0
-0.5896065352082124,0.0
0.34617463923041175,0.0
1.5454496465287044,0.0
0.41658996235787404,0.0
0.30046634893017005,0.0
0.21123639557848642,0.0
0.016321309243966298,0.0
0.008221390965186374,0.0
-0.9458798627774372,0.0
0.25547493604363464,0.0
-0.6514760034610307,0.0
-0.27397770994924975,0.0
-0.43442376666451454,0.0
-0.9333794300183171,0.0
-0.48269141852706093,0.0
-1.0451896889785368,0.0
-0.00663204486132812,0.0
-0.8447378352204387,0.0
0.17652400466555496,0.0
0.6506388094400748,0.0
-0.5017158553390707,0.0
-0.42462720661379616,0.0
-0.15385628869430892,0.0
0.5658580668536993,0.0
0.3276483009749235,0.0
0.06615130000722293,0.0
-0.13467947650535939,0.0
-0.25784402753154717,0.0
0.6187115120054739,0.0
0.6827896251033877,0.0
-0.2749421671304004,0.0
0.27692667144229305,0.0
0.6073322458439008,0.0
0.007561020921445754,0.0
-0.15968122224580894,0.0
0.0019148506358628852,0.0
-1.1783692729915058,0.0
-0.22967655667226178,0.0
0.5695255303633313,0.0
-0.26166317008184276,0.0
-0.7259005893267033,0.0
-0.6033559016237279,0.0
-0.8143728436269857,0.0
-0.06815939360867843,0.0
-1.067747952136959,0.0
0.08508982077212474,0.0
0.7929751174807577,0.0
-0.12014235323769591,0.0
0.14503496167280389,0.0
-0.1672728475117701,0.0
-0.8221003388090943,0.0
0.6602117658996413,0.0
0.6173920801306974,0.0
0.8344633236186214,0.0
-0.3434225698776283,0.0
-0.4768988171607561,0.0
0.24131138735982527,0.0
0.47193078541612915,0.0
-0.16195696518925434,0.0
0.17244866887110116,0.0
-0.5033150038087635,0.0
0.2886108745439846,0.0
0.7517557428400639,0.0
0.20711927477670866,0.0
-0.337325701794376,0.0
0.302240259550628,0.0
0.49796988285234023,0.0
0.3778740220012105,0.0
-0.18365328706634704,0.0
0.21572642433683686,0.0
0.9731274145902234,0.0
0.20300227824665745,0.0
-0.17654776895374877,0.0
-0.36669698600011036,0.0
0.14811083404206862,0.0
0.0074708201393542785,0.0
-0.05550347597735777,0.0
0.19173345842427394,0.0
0.30008753488235373,0.0
0.43764804899797755,0.0
-0.12321885266077907,0.0
-0.7236984922237135,0.0
-0.24185571764982974,0.0
-0.6284772072486045,0.0
-0.06827603845477932,0.0
-0.34182641369245303,0.0
-0.12606681864466068,0.0
0.04846666777033349,0.0
-0.05831937900114488,0.0
0.565265820893849,0.0
0.9784603743180372,0.0
-0.042192648045436376,0.0
-0.22015764071235414,0.0
-0.4378090946434377,0.0
-0.3758551143414842,0.0
0.08177269975868962,0.0
-0.38327629480248354,0.0
0.39282137579829574,0.0
0.4383084443243988,0.0
0.3788290703801074,0.0
0.8927093395063704,0.0
-0.5275171867464029,0.0
0.0042878327606635834,0.0
-0.6731190493530502,0.0
-0.6302915961209862,0.0
0.6974849051550206,0.0
-0.9710727542329309,0.0
-0.2920707702621605,0.0
0.44882029959554764,0.0
-0.5938554071187974,0.0
0.4901968132437717,0.0
-0.5226019545190984,0.0
-0.6528231365451017,0.0
0.680289750822169,0.0
0.08872558063263568,0.0
0.355764638059658,0.0
0.2951963692790222,0.0
-0.07912146015108848,0.0
-0.2622438606789128,0.0
-0.026447141512196144,0.0
-0.09869506283594726,0.0
-0.25695664613153874,0.0
0.8114453508052243,0.0
-0.410298006984636,0.0
-0.34139395488899227,0.0
0.28288086715377064,0.0
0.5170157287403798,0.0
1.261383671601902,0.0
0.44367648834039375,0.0
0.20812572459295356,0.0
1.0550326966112,0.0
-0.7647792479891992,0.0
-0.6409142312254918,0.0
0.47675603966375907,0.0
0.14291061351037393,0.0
-0.28816916897184247,0.0
-1.443862033082461,0.0
0.8130267537705009,0.0
-0.786520360635013,0.0
0.4392442119955935,0.0
0.7802528962354731,0.0
0.22536617944057583,0.0
-0.23263403436813204,0.0
-0.06175736633439831,0.0
0.06721858734504568,0.0
0.196610833374966,0.0
-0.7957707931042693,0.0
0.29229640037129423,0.0
-0.7285715996740091,0.0
0.22216889339580143,0.0
0.6201874672921744,0.0
-0.4631843727913622,0.0
-1.0878559960390335,0.0
-0.26902599149912354,0.0
-0.7957659076946915,0.0
-0.11064799049190359,0.0
0.0726552651873549,0.0
-0.08838566312073834,0.0
-0.6050078616099827,0.0
0.008871117408783326,0.0
-0.27362159728288765,0.0
0.11482601135693866,0.0
0.1872339418048669,0.0
-0.668541932736862,0.0
-0.7983295299236113,0.0
0.757467813139807,0.0
0.7345156403528863,0.0
-0.11983550176663907,0.0
0.05171799227185142,0.0
-0.3697507691707251,0.0
0.20723837891812955,0.0
-0.38650170489619284,0.0
-0.10134480405728422,0.0
-0.498830093950832,0.0
-0.17732442984615998,0.0
0.973266018556879,0.0
0.2584064598792772,0.0
-0.3009285863537807,0.0
-0.31232680625282777,0.0
0.026967593674649865,0.0
0.313978300815187,0.0
0.09423342886386679,0.0
-0.022034686092383945,0.0
0.17423883018384959,0.0
0.0875099163511658,0.0
0.14169383041640218,0.0
-0.2657326093373411,0.0
0.3700238263561994,0.0
0.1856600135159958,0.0
-0.7272118244013167,0.0
0.2815133495540909,0.0
-0.527725620312407,0.0
0.12448298917829184,0.0
0.4955446298784661,0.0
0.3444753576679419,0.0
0.37924729068737273,0.0
0.21786027095978971,0.0
-0.11872521335299713,0.0
0.34717010793660646,0.0
0.37840292353341337,0.0
-0.23737342725686197,0.0
1.0586790388721115,0.0
0.23741669749540042,0.0
0.4662244250135985,0.0
0.34374145387137084,0.0
-0.9739944252107269,0.0
-0.4402452655103808,0.0
-0.044245035552191454,0.0
-0.48386137034428933,0.0
-0.483357360963013,0.0
0.10363769200257791,0.0
0.2493413117839013,0.0
-0.982199790969026,0.0
0.08599157483570197,0.0
-0.7350783423436276,0.0
-0.24493748488745753,0.0
-0.0805233361333009,0.0
0.023300486025741803,0.0
-0.6403223029984468,0.0
0.4465396176236372,0.0
-0.5880249468911878,0.0
0.20047095800168213,0.0
0.731194830666916,0.0
-0.6831774394599498,0.0
0.11901511198877529,0.0
-0.4303599208970048,0.0
0.17808832230918925,0.0
-0.8350681691821518,0.0
-0.2294348195907138,0.0
-0.07701007846382497,0.0
0.5406148523435377,0.0
0.9102591820841844,0.0
-0.30643252919431513,0.0
-0.5723449695842979,0.0
-0.8797483415011189,0.0
0.10271961612068964,0.0
1.3262750915809005,0.0
-0.3301711902898646,0.0
0.0794411997251733,0.0
-0.7159934398361529,0.0
-0.11536771886519406,0.0
-0.284587250890548,0.0
-0.8206663746922876,0.0
-0.614043730072378,0.0
-0.16234871202563927,0.0
-0.24530621564695643,0.0
-0.054050015066072744,0.0
-1.1428219119441865,0.0
-0.40183265729742557,0.0
0.5749091750531612,0.0
0.4365115054134079,0.0
0.1762710340329527,0.0
0.32274783969574117,0.0
0.444548831078986,0.0
0.1580497100386005,0.0
-0.5754869329175368,0.0
-0.6296660432505754,0.0
-0.032234994090653016,0.0
0.40614538328752603,0.0
-0.051235368862888056,0.0
0.429052162461162,0.0
-0.4012952746060684,0.0
1.2257528613946385,0.0
-0.08649083553332636,0.0
0.20751546122767378,0.0
0.4283331799617136,0.0
-0.80466454740971,0.0
-1.0511699967355683,0.0
0.0011801302442648587,0.0
0.41488609919871644,0.0
1.011403969594022,0.0
-0.4719047485229364,0.0
-0.7126330811566769,0.0
-0.7128325193774874,0.0
-0.7344198881346792,0.0
-0.508209061584398,0.0
0.5469400269106751,0.0
-0.3478342516336671,0.0
-0.13522512090086877,0.0
-0.03756079950544844,0.0
-0.7204762468977167,0.0
0.18977491272150182,0.0
0.06117831698647674,0.0
-0.38548289635479127,0.0
1.8201824946373262,0.0
0.17082632153806432,0.0
0.1259965083414889,0.0
-0.5396794125120724,0.0
0.48163456902238583,0.0
-0.6745495018020922,0.0
0.8431047582378294,0.0
-0.4168963892569144,0.0
-0.5369353781182724,0.0
-0.07056005316287291,0.0
-0.13157986097562546,0.0
-0.24651493934238158,0.0
-0.24899465246841523,0.0
0.05685103566642461,0.0
-0.3341654390218528,0.0
-0.3852245605082771,0.0
0.22480902702318467,0.0
0.3081917220729208,0.0
-0.25950523053772395,0.0
0.3390507053739909,0.0
-0.07552733377618198,0.0
0.012734636676194696,0.0
0.712927397285397,0.0
-0.3687466800614301,0.0
-0.47709654657526684,0.0
0.3393218501406049,0.0
-0.2642266849346005,0.0
0.20242748008985198,0.0
0.2575001059346177,0.0
0.5518819944348679,0.0
0.4851078867420708,0.0
0.7500598506964314,0.0
-0.38345739753781505,0.0
0.986801485434214,0.0
-0.15350747285779384,0.0
-0.6923521597317033,0.0
0.43045458659043945,0.0
0.38315737812838363,0.0
-0.4656503903440925,0.0
0.40169073605650296,0.0
-0.568042397357027,0.0
-0.5404329582296451,0.0
0.3600089759791393,0.0
0.8442244817605814,0.0
-0.8730069204436455,0.0
0.44239751137314653,0.0
-0.3578013795187176,0.0
0.7046890232558476,0.0
0.3118223483253158,0.0
0.21903337400970505,0.0
-0.07870348253748656,0.0
-0.08242797624517659,0.0
0.34886318399965094,0.0
0.3882309541191244,0.0
0.2365296576687675,0.0
0.46750239548675265,0.0
0.12299827463623694,0.0
1.0646611133292305,0.0
0.019510256143352205,0.0
-0.5364263597528354,0.0
0.28540797325439826,0.0
-0.8442093240061209,0.0
1.0230838407989353,0.0
0.2486734868418493,0.0
0.02466131156594629,0.0
0.3838861097450305,0.0
0.0240862305783206,0.0
0.8050423334640019,0.0
-0.34697662793051703,0.0
0.8479289998966093,0.0
0.21429622297776577,0.0
0.7431648839565126,0.0
-0.6371598052006803,0.0
0.14113014813488386,0.0
-0.25937230980597303,0.0
0.4727088449056054,0.0
-0.13038996394779065,0.0
0.038696220866936366,0.0
0.5087111599877387,0.0
-0.11012445834709761,0.0
-0.9794739458334463,0.0
-0.1130282791800772,0.0
-0.15768403946099124,0.0
-0.6554648891481837,0.0
-0.8203164900348199,0.0
0.5384368408049167,0.0
-0.04240992789018239,0.0
-0.1408180576810939,0.0
-1.0273560108719557,0.0
0.69791550011394,0.0
-0.007575844918713214,0.0
-0.9339458537616573,0.0
-0.9918726192879934,0.0
0.3671564703980994,0.0
-0.7100004855819106,0.0
-0.4044156993797739,0.0
-0.46662261420566964,0.0
0.025356728395775248,0.0
-0.7436530726069752,0.0
0.045278432716283956,0.0
-0.9089111581284262,0.0
-0.4631931599841116,0.0
-0.4716664622890328,0.0
-0.09614409026405187,0.0
0.888919212548687,0.0
-0.09591839250792095,0.0
0.40605405824152363,0.0
-0.1151084964453125,0.0
-0.23769022471905743,0.0
0.19580081742244923,0.0
0.4661227234860255,0.0
-0.6787930920121447,0.0
0.9952949082758955,0.0
0.3899123704611909,0.0
0.6813986269432895,0.0
0.4246279308823556,0.0
0.14380798103827108,0.0
-0.6261398448958908,0.0
1.531059663351301,0.0
-1.248950774772405,0.0
0.5143570695520288,0.0
-0.025827332676454387,0.0
-0.5307002262638678,0.0
-0.27360153101782303,0.0
-0.3767697929087096,0.0
-0.429663694163788,0.0
0.07685780642741508,0.0
-0.6644431330028714,0.0
-0.7376242545458357,0.0
0.040658478173270236,0.0
0.4428869178981558,0.0
0.15658406436343564,0.0
0.5414083473361848,0.0
-0.9195401431073419,0.0
-0.5875546592210464,0.0
0.4409319123407238,0.0
-0.3595813487118953,0.0
-0.427105989137326,0.0
-0.21998904327262847,0.0
-1.2597201842294188,0.0
0.4941009506266064,0.0
-0.31410421786737197,0.0
-0.20211452568548643,0.0
0.23610216928795352,0.0
0.12656875447851007,0.0
-0.12010696256321853,0.0
-0.11856141280843967,0.0
0.5972278396273097,0.0
0.009774359440577354,0.0
-0.5241113778552764,0.0
-0.8120566015490313,0.0
0.11061856336626695,0.0
0.5709719713802772,0.0
0.99626467763112,0.0
-0.03091462738772235,0.0
0.20024203285196915,0.0
-0.7108079110059756,0.0
-0.4913419488210488,0.0
-0.06641694755552634,0.0
0.037659132622739504,0.0
-1.1761459835306354,0.0
0.0964169406175583,0.0
-0.8148139704511649,0.0
0.4422569448192965,0.0
-0.5540367685980578,0.0
-0.08296726716096849,0.0
-0.7202584777484683,0.0
-0.05513303140807004,0.0
-0.26518584470580503,0.0
-0.9332643792479739,0.0
0.03094760232302931,0.0
-0.26904096141395223,0.0
0.4773340715783503,0.0
0.80995212281691,0.0
-0.5012004220265028,0.0
0.2956019985788574,0.0
-0.5154043019351194,0.0
-0.10100192419505322,0.0
-0.7147937591246136,0.0
0.01580556547951079,0.0
0.7157195808279803,0.0
0.2701080852545612,0.0
-0.11916143576033947,0.0
-0.4195689976785921,0.0
-0.9115682148908079,0.0
0.6295363813714902,0.0
-0.10757895583551552,0.0
-0.15947547671440698,0.0
0.527648496754888,0.0
-0.2448023456652678,0.0
0.46581465007314465,0.0
0.026866053935965976,0.0
0.08573452741982708,0.0
-0.5519845500725215,0.0
-0.49466153751939274,0.0
-0.46472521121242255,0.0
0.4399741648182504,0.0
-0.5359781268563047,0.0
0.4651383283023037,0.0
-0.2400614865299897,0.0
0.22046849061996618,0.0
0.15234928907173978,0.0
-0.19549509251889957,0.0
-0.06840593735104382,0.0
0.33218064070847125,0.0
0.3724447048128657,0.0
0.0805377579489673,0.0
0.5306811360566455,0.0
-0.20468780581429008,0.0
0.054709298306302334,0.0
0.36138157179568725,0.0
-0.1861522901428226,0.0
0.12763840007078725,0.0
-0.5213002080805224,0.0
0.35555789867755566,0.0
0.755597721862939,0.0
-0.4235126981135632,0.0
0.44048296431964906,0.0
-0.7877495647580574,0.0
-0.006882740518481484,0.0
0.22826046734319938,0.0
0.2599713352343754,0.0
0.7029131463322363,0.0
0.16348076918776003,0.0
0.41981426314171755,0.0
0.12696504839131284,0.0
0.17998026604263456,0.0
0.06031458273489824,0.0
-0.5648413547573363,0.0
-0.4142936739449002,0.0
-0.1124822651526655,0.0
-0.32505878356538104,0.0
0.1472602348260708,0.0
-0.1413789057794169,0.0
-0.18002704068834272,0.0
0.527955490616249,0.0
0.23569131767060086,0.0
0.8613847148844254,0.0
-0.1315152828344137,0.0
-0.26106332407803895,0.0
-0.32377354891910765,0.0
-0.17683574220572168,0.0
1.0130155727978265,0.0
-0.5735208307034307,0.0
-0.1693564337224258,0.0
0.2547810519896349,0.0
0.30269171649988386,0.0
0.592942679616561,0.0
-0.2823551782549622,0.0
-0.17960468887245476,0.0
-0.11814046469958236,0.0
-0.15728745079244622,0.0
-0.1756070122595737,0.0
0.2141237651508447,0.0
0.04429212757742747,0.0
-0.7209842862551238,0.0
0.006298301589442195,0.0
-0.19639700099091983,0.0
0.21938572484933494,0.0
-0.2557358349386828,0.0
-0.4666504208780933,0.0
0.4538551994829275,0.0
-0.5974645859632411,0.0
0.5164896416816631,0.0
0.3694269391873284,0.0
-0.5694891079654848,0.0
0.40921841991980556,0.0
0.12547915116685956,0.0
0.4040888332348648,0.0
0.35963940770327024,0.0
-0.2845032019774375,0.0
-0.5523920751728135,0.0
0.3934163859703932,0.0
-1.0019871364520272,0.0
-0.3167216431245537,0.0
-0.04178273836449019,0.0
-0.13174752644223975,0.0
0.005831684315813119,0.0
0.6901936581378754,0.0
0.4881106300975698,0.0
-0.4429033097596035,0.0
0.21340865020684843,0.0
0.684522869980316,0.0
0.1868539300179081,0.0
-0.9500447953180106,0.0
-0.1709814263903975,0.0
0.025735006145164385,0.0
0.4817717693756308,0.0
-0.4116700416035657,0.0
-0.08062557337104541,0.0
0.10930668793580378,0.0
-1.3769940389821784,0.0
-0.30619596655700093,0.0
-0.253856572767299,0.0
0.8629412078999946,0.0
-0.06346095903810507,0.0
-0.3289321922572814,0.0
0.16327685975550707,0.0
-0.2909218738718787,0.0
-0.5741633218828025,0.0
0.19466239260015727,0.0
-0.5387156109395106,0.0
0.35340175791949224,0.0
-0.23268480141419887,0.0
-0.26920296024631885,0.0
-0.9980740784966463,0.0
0.15024143528854467,0.0
0.015702894130603797,0.0
0.017253177691701316,0.0
-0.45602347024619805,1.0
1.9731581200641903,1.0
4.247890551416956,1.0
-2.076359152162131,1.0
5.6781937356409875,1.0
1.9944257470200633,1.0
0.5493512920739345,1.0
3.837146755959401,1.0
3.2580439888895656,1.0
-1.5201240595345935,1.0
2.014052230424512,1.0
-0.6238322063280634,1.0
-0.45072188221670517,1.0
2.1069394594858175,1.0
-1.2488313556019142,1.0
3.2858882652895622,1.0
2.9534167136926572,1.0
-0.7778830065392547,1.0
-1.9501595025589786,1.0
-2.616371541855048,1.0
-2.5897520601177613,1.0
3.974568019736136,1.0
-0.6075480292575681,1.0
0.17597299842632264,1.0
-1.3120518446257532,1.0
1.5701680932458215,1.0
-4.272827869089789,1.0
1.437520284446117,1.0
-0.9024658112768057,1.0
2.2871600025384695,1.0
-2.1107254944752905,1.0
4.086145524944776,1.0
-2.42736857412601,1.0
3.1211726913784195,1.0
-2.0721776369719307,1.0
-2.6853535245802025,1.0
-0.2597865653031578,1.0
0.9118743197385091,1.0
0.1120322420645069,1.0
-0.6702993090555821,1.0
0.23758946643490542,1.0
1.3987736778328328,1.0
-0.1663389601599219,1.0
-4.452196010684821,1.0
-1.1045906848499472,1.0
-0.18701849592645392,1.0
-4.614432404547099,1.0
-3.5632435606873347,1.0
-6.765867785406748,1.0
1.9020455087593509,1.0
-0.14600888580666505,1.0
-1.0107963661782302,1.0
-2.3633531197967885,1.0
-0.6578120897725946,1.0
-3.3591765134124296,1.0
3.792867469650519,1.0
2.656788705574182,1.0
0.6872905883299895,1.0
1.0545875414374797,1.0
-1.237075841007242,1.0
-2.06998213657236,1.0
0.33876400796955597,1.0
2.594795881971215,1.0
3.024622434502434,1.0
-1.9687688465092321,1.0
0.8179327907758869,1.0
2.115113769222723,1.0
-1.2696728802998314,1.0
-2.7121942819883316,1.0
2.0766512602860216,1.0
-3.0753936402352418,1.0
0.7835506404045762,1.0
2.6770132902631723,1.0
0.010624210946645896,1.0
-2.541030842910307,1.0
1.1092631734348117,1.0
-0.730762350794504,1.0
4.758490333784317,1.0
0.31662800777970623,1.0
0.8244712519056735,1.0
4.669133760541904,1.0
-2.7741392649091843,1.0
2.6978768357625866,1.0
-1.3087413261340362,1.0
-1.5409681707113458,1.0
-0.7110741217965746,1.0
-1.0649624444562453,1.0
-0.9816222146434094,1.0
1.6681654860291397,1.0
2.9141913974068756,1.0
1.3769187107933127,1.0
-1.5692669898815261,1.0
-3.509606048338573,1.0
-2.505413227962651,1.0
-2.6353369099939883,1.0
2.444866789456435,1.0
1.8735336601360455,1.0
-0.9503382739703521,1.0
-3.2588328963441078,1.0
-6.151225715565195,1.0
1.208096605335379,1.0
-2.543220696541178,1.0
0.8523642706818482,1.0
-4.823028441325868,1.0
-1.3370897024254458,1.0
-7.6556424586147624,1.0
-1.018983036811726,1.0
0.803153611306041,1.0
1.45495037078933,1.0
3.7757967190267125,1.0
-1.7260306203838156,1.0
-0.07634639105184549,1.0
-0.9432971376578659,1.0
-3.1956757518712324,1.0
-0.9766304412179675,1.0
-1.4145372961450313,1.0
1.4675235028800844,1.0
-1.6673588584569425,1.0
-3.3178306436006215,1.0
3.0628258752469075,1.0
4.121626471676521,1.0
-0.0917120091844687,1.0
1.77751041371838,1.0
-0.20881001559697185,1.0
0.7573324310548407,1.0
-2.070356293298463,1.0
0.03034759107013718,1.0
-0.20042521982242353,1.0
-1.2803271205883917,1.0
-3.3374289799868686,1.0
-0.009240833979285712,1.0
0.6969375834984796,1.0
3.2612592798752935,1.0
-6.588816885627992,1.0
-0.5073707676310071,1.0
-0.9599375819273345,1.0
0.04235069653200685,1.0
2.824371750850905,1.0
0.6807249284251727,1.0
0.6730890860587454,1.0
4.614372464164543,1.0
0.9016097808598139,1.0
-0.8726952566477657,1.0
3.6692700600694907,1.0
1.8919730455306492,1.0
0.08059239840407861,1.0
1.3105767034419427,1.0
-2.4165646765496653,1.0
2.32368612532966,1.0
-2.047017965562751,1.0
4.1880164652023675,1.0
-4.173712205652174,1.0
-3.0201897748161164,1.0
1.5688497079830304,1.0
3.1557586744458384,1.0
1.3306370588000611,1.0
-1.2165766064867745,1.0
3.046046608291176,1.0
1.3425090620621853,1.0
-1.3681514286989032,1.0
-1.4331875693655425,1.0
1.7372737279237798,1.0
0.7383792493629969,1.0
0.019850488849331382,1.0
-1.754796459000013,1.0
1.152893914345241,1.0
1.2925606758297756,1.0
-0.6516334541955913,1.0
-1.5744032892662765,1.0
-1.6620287056150276,1.0
2.2271975123159047,1.0
-1.7275717506490875,1.0
-7.008498475256426,1.0
-0.5398911987104192,1.0
3.483921454196955,1.0
-2.4412160489570285,1.0
-1.579820887205177,1.0
-1.3561655561822792,1.0
4.735648984821104,1.0
2.548282321016179,1.0
-0.13088234587816505,1.0
-1.5579480044062604,1.0
-2.851157127567747,1.0
0.7114929735636019,1.0
-1.450150206340094,1.0
-0.2086053028342487,1.0
3.9411862170681733,1.0
0.18673040491046683,1.0
2.9751069527412817,1.0
3.0856450960668447,1.0
-0.4573515605890233,1.0
-0.44907557475994364,1.0
0.3500193618466535,1.0
1.327959256520587,1.0
2.186482457678701,1.0
-0.1958672132359146,1.0
-0.123230141415693,1.0
2.680159018517749,1.0
4.178986034100264,1.0
3.8584463066295305,1.0
-2.3312804545978545,1.0
2.5400421335893406,1.0
1.1095744432744283,1.0
3.5974071433005563,1.0
5.3158825420977704,1.0
0.2753566271627842,1.0
4.060327901647196,1.0
-0.23381539680737573,1.0
0.5640878511514121,1.0
-4.282810911494103,1.0
-0.3183728676526122,1.0
-2.493606749480759,1.0
-3.004540353255428,1.0
-2.5672794796532674,1.0
0.5948275278588832,1.0
2.298740287793445,1.0
1.401566204793073,1.0
-2.047007229742327,1.0
0.9161858133170943,1.0
1.3861053331331115,1.0
-4.376551178404516,1.0
0.4534465080540344,1.0
-4.7040490784106055,1.0
-0.6735778808223,1.0
-2.5763771445306736,1.0
1.5232517063418614,1.0
0.9347849742492331,1.0
0.5374017440800891,1.0
-4.791686765163857,1.0
-0.25849173465833664,1.0
2.471647684926152,1.0
0.44935866189376994,1.0
-1.018262458485385,1.0
1.8995066907317821,1.0
-4.505436067698328,1.0
-3.540378693949109,1.0
4.477067106268137,1.0
0.5557507052455063,1.0
0.43117721625234395,1.0
-4.595700629306699,1.0
-4.389838954141294,1.0
-1.3577704198329492,1.0
-1.4331699955950599,1.0
1.8850101658584357,1.0
1.2455263738486675,1.0
-2.4771420609322745,1.0
-4.3825473593959625,1.0
-3.0959394147450046,1.0
0.16782775279552814,1.0
-4.383977735077892,1.0
-2.6667960923107774,1.0
0.006050229172160283,1.0
4.275701237887388,1.0
-4.318262692656662,1.0
3.98099219715982,1.0
1.6830725860909839,1.0
-0.05895148419525853,1.0
2.9160268534557656,1.0
1.6563592480864702,1.0
-1.5702806188129883,1.0
1.877300829063794,1.0
3.1053556470394605,1.0
2.185587312743084,1.0
-1.4004267958491816,1.0
3.993288850785661,1.0
0.1915256876892052,1.0
5.135220162753671,1.0
3.0039053655387056,1.0
3.2975402048965106,1.0
-0.07132118383579567,1.0
1.6193048012190268,1.0
-3.5684841215474847,1.0
-0.09811210442411589,1.0
4.25392357147626,1.0
-1.810907207643992,1.0
-0.8381541116044624,1.0
1.1732136900539918,1.0
-1.1387046847124427,1.0
-1.0754799940242978,1.0
-2.185059546116528,1.0
-0.37999932468693975,1.0
2.5804941349603667,1.0
5.823981833884565,1.0
-1.4948615595609276,1.0
-0.6638112960197057,1.0
3.953894476558928,1.0
1.0856892146476038,1.0
-1.2720266242713258,1.0
-1.754534989897145,1.0
-3.0212712470942775,1.0
-3.391000400103793,1.0
-1.7768459261332092,1.0
-3.9003632377188198,1.0
2.163013499091633,1.0
1.859132670086093,1.0
0.6399379242933936,1.0
1.8009859572287397,1.0
-1.7543855768352108,1.0
-2.5632736158776925,1.0
2.1819386584997797,1.0
-2.2219494368312667,1.0
2.240712485024124,1.0
3.009272086430572,1.0
-3.2890956643325926,1.0
-5.791968322158466,1.0
4.453601439629925,1.0
-1.2045308480801271,1.0
-5.397595658295389,1.0
0.35212239097780296,1.0
-3.1811963131973697,1.0
-0.3376279364280264,1.0
-0.6989735719302288,1.0
-2.7313775228453925,1.0
0.18249521954476916,1.0
2.5256107634673497,1.0
-3.1073819823094078,1.0
2.3888780576571618,1.0
2.822666695030074,1.0
-0.7871929701411192,1.0
-1.066254427503051,1.0
2.138264980089356,1.0
1.1623338804946057,1.0
0.9573474195429321,1.0
1.611719632892558,1.0
-1.243914830750212,1.0
1.9718680528598163,1.0
-2.8576483324186714,1.0
3.1663839592733725,1.0
-1.727270753492224,1.0
5.5094936203368166,1.0
2.3731549277013553,1.0
-0.650254140204301,1.0
-1.9026607386847467,1.0
-3.2013947317488975,1.0
-2.70605678945225,1.0
0.64073946210196,1.0
1.4084931975312869,1.0
-3.216539554352134,1.0
0.48080869922795744,1.0
0.30609683200498733,1.0
-1.9450060582635031,1.0
4.046772134292702,1.0
0.22080963568886408,1.0
-4.28985200378742,1.0
-5.682317290616698,1.0
3.2615731985447516,1.0
-1.1415195178460724,1.0
-1.7323753430892395,1.0
-0.00614226910260407,1.0
1.1326700999241859,1.0
-0.1819170666254606,1.0
-0.8322739807222161,1.0
-1.8896000477623844,1.0
-0.31311071093982945,1.0
-3.958267664080889,1.0
-4.268441657645205,1.0
-0.6659466355948225,1.0
2.4548773941965414,1.0
-0.03511862770298402,1.0
1.0965818684115276,1.0
-4.400872839893054,1.0
-2.5989179580785535,1.0
-2.7783215085742174,1.0
1.5724838131036996,1.0
6.9774908158624385,1.0
-1.7167190532272905,1.0
-1.7562962348472366,1.0
2.5061772004980423,1.0
-2.8096746730458495,1.0
-3.285801820710147,1.0
0.8423749914728312,1.0
-0.4609309211377087,1.0
-2.3292091815038907,1.0
2.0524989956050743,1.0
1.7676914603715925,1.0
0.7619949068700926,1.0
-5.412398580955649,1.0
3.2186151635968887,1.0
-2.2485348376809764,1.0
-0.44052981676859454,1.0
-1.49684004507432,1.0
0.8509878708519005,1.0
2.3721929539886637,1.0
-2.987616377004666,1.0
2.945844260408652,1.0
1.465621227944631,1.0
-0.4171551744884491,1.0
0.5519102712632261,1.0
2.125466132263794,1.0
-0.5193211604350605,1.0
5.192751388737243,1.0
1.0338779570291476,1.0
5.504173549359658,1.0
1.2165317189568183,1.0
3.687503512364157,1.0
3.112957525364109,1.0
5.6437957587058545,1.0
4.850115219220346,1.0
-3.40344207453012,1.0
2.2161005873758537,1.0
0.018393549624704852,1.0
-1.1125081205361353,1.0
-2.855672795666276,1.0
-0.4632880054398822,1.0
-1.7164603757618655,1.0
1.329883345047644,1.0
-0.728304731021247,1.0
-0.7517634863861966,1.0
-0.9838484728151314,1.0
-2.678385186324233,1.0
0.7462808422463173,1.0
0.6047736157319608,1.0
-1.3957046662871795,1.0
1.086968942857421,1.0
0.4808420367346036,1.0
-6.760868722207581,1.0
0.9905670753868119,1.0
-2.527814072722887,1.0
0.7059563383507601,1.0
3.641662164949177,1.0
-0.32119472959006445,1.0
-4.239127374738213,1.0
-2.209406405775124,1.0
-0.19420399134416522,1.0
4.22631416929835,1.0
-0.21336171976818585,1.0
-3.7056066302791515,1.0
-3.268349538302795,1.0
-1.8396601817853933,1.0
-1.500003573935941,1.0
-4.685408299283771,1.0
-1.1538646580451537,1.0
2.293372920793059,1.0
-2.16623642324386,1.0
-3.5024065999635976,1.0
1.8919873080554306,1.0
-4.00460462156693,1.0
-2.7908065998482297,1.0
-0.39636101164957616,1.0
-2.331107710589401,1.0
-0.2284210077297876,1.0
1.4259422017705174,1.0
-3.1012391731846343,1.0
-1.0828838259029347,1.0
-1.5270530097850892,1.0
-0.9134569601354996,1.0
2.1056150441697197,1.0
3.2734061307938345,1.0
-1.0086027731609717,1.0
0.6978530719643076,1.0
-0.6993223538397093,1.0
2.5256429201855752,1.0
2.290725401632909,1.0
3.5641072730885224,1.0
2.0153297735953966,1.0
-2.004420978332948,1.0
-1.5656790251792259,1.0
2.22190752335756,1.0
2.044004046700465,1.0
5.465753724103747,1.0
4.827374763830084,1.0
1.858561301925703,1.0
4.782784347259039,1.0
0.2222232748965287,1.0
-2.385698645613075,1.0
3.349855214892307,1.0
-2.277867620544443,1.0
1.247217213327476,1.0
-5.892732205864889,1.0
4.338173500336687,1.0
2.6919258664081376,1.0
6.400302759433123,1.0
-2.9667530242720472,1.0
-1.0686625632635045,1.0
-3.1886069281038294,1.0
-5.162962331829912,1.0
0.24912703461838925,1.0
-3.6265493623658824,1.0
2.106078551469056,1.0
-0.2055104984693118,1.0
2.297411768125153,1.0
-1.9426387730014858,1.0
-0.7600057707527123,1.0
-3.0202217422052584,1.0
1.5479397948208282,1.0
-2.282501206276834,1.0
-4.379029956739054,1.0
-1.480469618135469,1.0
1.8484059700752038,1.0
1.4413490306874341,1.0
-0.9863103131385782,1.0
-2.535094391332442,1.0
1.7704414269755824,1.0
-0.9467322161984979,1.0
-4.732929038017466,1.0
-3.650530872498938,1.0
-3.879908390011763,1.0
-7.632134567448896,1.0
2.3124237271923236,1.0
3.3972742542713448,1.0
-0.8328352446080264,0.0
0.09437995014106723,0.0
-0.804893671269189,0.0
0.4987102298553925,0.0
0.21692748744928672,0.0
-0.31985122211113454,0.0
-0.5914924771806315,0.0
-0.6328113733111147,0.0
0.11877220444347239,0.0
-0.4320702059000741,0.0
0.46124084602752835,0.0
-0.5752967211316659,0.0
0.776227674936953,0.0
-0.2063064883505628,0.0
-0.4465451077257004,0.0
-0.17425364921769324,0.0
0.0797487235887463,0.0
-0.8072486384991336,0.0
-0.10254233876748957,0.0
-0.3683073219013627,0.0
-0.49559842818378463,0.0
0.30763840972504275,0.0
-0.2610894236044531,0.0
1.1066121734094716,0.0
0.02263553834680172,0.0
-0.5071837672241982,0.0
0.04124321673806344,0.0
0.22116311511132186,0.0
-0.18322385761395374,0.0
0.33068678191499024,0.0
-0.8839676174954749,0.0
0.0961575926938806,0.0
-0.16150037290585767,0.0
-0.062066310445818305,0.0
-0.09828759188928003,0.0
-1.138659782108171,0.0
0.47441533485364534,0.0
0.12034612798554392,0.0
0.27744508919868155,0.0
-0.45307865017515475,0.0
0.01871175873208238,0.0
-0.3249460046396563,0.0
-0.2839433276366762,0.0
-0.6332000325117572,0.0
0.34760420133916975,0.0
1.2637666925259592,0.0
-0.04201209244724182,0.0
-0.12663490027405927,0.0
-0.1435471412413179,0.0
0.7091469822490489,0.0
0.3736695877628832,0.0
0.08659540444277872,0.0
0.17110767630479612,0.0
-0.03905249347586837,0.0
0.007510854978682849,0.0
-0.07225282600376041,0.0
0.3852235400384062,0.0
0.004331999126266376,0.0
0.137850187389661,0.0
-0.7247802822126374,0.0
-0.1953572700604242,0.0
0.705412263486789,0.0
-0.15025919208933006,0.0
0.12627059099877253,0.0
0.34143481322314717,0.0
0.9946135057633284,0.0
-0.7471627926748963,0.0
-0.9083067379171075,0.0
0.10984690116939541,0.0
-0.8924009985625567,0.0
0.4666286296666388,0.0
1.6568935323118499,0.0
0.6832673804707643,0.0
-0.484098027580199,0.0
0.09298464977102837,0.0
-0.04798386455769115,0.0
0.08222030428732154,0.0
0.0869929594481838,0.0
-0.7907923280410747,0.0
0.6986315053129972,0.0
0.08328347188274135,0.0
-0.4840367805823835,0.0
0.41047914016255777,0.0
0.576307872390171,0.0
0.27649920876824724,0.0
0.36856270934780705,0.0
0.19056693906205224,0.0
-0.7349863059677383,0.0
0.004665094175478864,0.0
-0.35768346617769686,0.0
1.3226941695620416,0.0
-0.13057951719514369,0.0
-0.4139933083132454,0.0
0.3044541130945942,0.0
-0.076677063923643,0.0
-0.35074181094307005,0.0
0.48658963029281255,0.0
-0.3431762807609137,0.0
-0.05024826811042711,0.0
0.12951843547406897,0.0
0.8278853743787208,0.0
0.3091357753531609,0.0
-0.07306698708004473,0.0
0.8505589802790554,0.0
-0.05635022700772599,0.0
0.241167048432451,0.0
0.03368599303568363,0.0
0.18365932399539378,0.0
0.3551227148521637,0.0
-0.5939736885225574,0.0
1.3167863839142941,0.0
0.09816555083756583,0.0
0.23015221579153589,0.0
0.3916691720364611,0.0
0.28394392849666,0.0
0.18259301712355594,0.0
0.21817095019345614,0.0
0.154764617939437,0.0
-1.0241304705046663,0.0
-0.0041701214968004,0.0
0.15013485264365475,0.0
-0.45336219148203205,0.0
-0.40469686975699687,0.0
0.03138039760914003,0.0
-0.058802949748779,0.0
0.2573943432306307,0.0
0.060959780942382996,0.0
0.02426584081967478,0.0
-0.27329023300754157,0.0
0.5034860257906147,0.0
0.007431088055146358,0.0
-1.0261507510666321,0.0
-0.3934487769531484,0.0
-0.6920580992513513,0.0
-0.10937936649621512,0.0
0.6077053617634346,0.0
1.146418365304369,0.0
-0.198918421393546,0.0
-0.4554582181539607,0.0
-0.4857577851898835,0.0
-0.9822969512131619,0.0
0.41385089048715884,0.0
0.09848232166727365,0.0
0.41802176026125004,0.0
0.5460315499371372,0.0
-0.2883959264700721,0.0
-0.6272412901737728,0.0
0.38835797226566815,0.0
-0.6391849073641828,0.0
1.030061087897994,0.0
-0.2776865379881928,0.0
-0.7887246649601551,0.0
-0.7522575796059132,0.0
0.2161964405335052,0.0
-0.008527359227775757,0.0
0.1504194388943431,0.0
-0.6083543530097373,0.0
-0.41929756209551167,0.0
-0.8502948062696314,0.0
-0.4265523070111559,0.0
-0.03214569554109862,0.0
0.8963811051223717,0.0
0.6601200880468485,0.0
1.6335556643728573,0.0
0.27579215252274464,0.0
-0.11966557287528512,0.0
0.045259227591317834,0.0
-0.43574448447156905,0.0
-0.3025430279956703,0.0
0.13986625806365707,0.0
0.4082612801656726,0.0
-0.029707745585776647,0.0
-0.29523470174466193,0.0
0.4942079464740713,0.0
-0.5343042765315815,0.0
0.0043165314120232985,0.0
-0.2539851643119831,0.0
-0.5226954399124693,0.0
0.24246467726765908,0.0
0.22348965970467852,0.0
-0.6907759191446999,0.0
0.09567341575285536,0.0
0.6613437969265937,0.0
-0.28806278758200105,0.0
-0.2169657318056994,0.0
-0.0866806671414528,0.0
0.39768264394164954,0.0
-0.14154887034114222,0.0
-0.33969116221857865,0.0
-0.8881373878096668,0.0
0.03999808204645771,0.0
0.16293266271631918,0.0
-0.15030319884327015,0.0
0.20349769714907429,0.0
-0.20294093255651188,0.0
-0.1640008445359599,0.0
0.7934406752595984,0.0
0.3068173082805401,0.0
0.14691698750264695,0.0
-0.04259516763992417,0.0
0.9668479371853277,0.0
0.5276664124193408,0.0
0.4320167931922928,0.0
-0.07071331675744487,0.0
-0.19891158484177043,0.0
0.6692372410537812,0.0
-0.28075502245775785,0.0
-0.781842650557446,0.0
0.23192753521937784,0.0
-0.3035973915323045,0.0
0.35011013037057503,0.0
-0.41037427457844516,0.0
0.43427615307452233,0.0
0.4330695401835103,0.0
-0.23491258019504996,0.0
-0.05044208735039971,0.0
-0.5928089539057104,0.0
0.20636961179389887,0.0
0.13226223235169077,0.0
1.0831407004566889,0.0
0.6990794887268942,0.0
-0.6185067567347758,0.0
-0.4030791448749903,0.0
-0.03963592784142875,0.0
0.19745499380933848,0.0
-0.42611077778555567,0.0
0.2621914773797919,0.0
-0.156960804681923,0.0
-0.8376495751493185,0.0
-0.4466112628904402,0.0
0.12282146050421922,0.0
-0.026032055931322042,0.0
-0.04877124906720206,0.0
-0.33178778035205303,0.0
-0.08455196535165105,0.0
0.05344862860667729,0.0
0.5623152268627366,0.0
-0.3410426602103926,0.0
0.49396981848488863,0.0
0.02160958173093542,0.0
0.053541875994428056,0.0
0.4175018437665504,0.0
-0.19566177865688414,0.0
-0.5874020596443248,0.0
0.009830067993790527,0.0
0.3613731192157174,0.0
0.2983537066470306,0.0
-0.7593269242301651,0.0
0.941246816544297,0.0
-0.12056777828006983,0.0
-0.24105873963525232,0.0
0.058946083559912585,0.0
0.3935263828534941,0.0
0.03624189120150577,0.0
0.1293155463692852,0.0
-0.2691486288130721,0.0
-0.5141157165684361,0.0
-0.010384704813741083,0.0
-0.44219075142832626,0.0
0.6380178132129337,0.0
0.27981094745624974,0.0
-0.6809142605456296,0.0
0.5440101389600551,0.0
1.0893157731784033,0.0
0.09642177238747074,0.0
0.559508052384172,0.0
0.10089524571616594,0.0
-0.6542847923517123,0.0
-0.8529879552294997,0.0
0.4896808523148621,0.0
0.38169856353547615,0.0
0.07435925600254585,0.0
-0.5463152358497622,0.0
0.32511469561764256,0.0
1.1776690763742592,0.0
0.43937943187160244,0.0
0.4235027540182228,0.0
0.4888157137684929,0.0
-0.46056924604638894,0.0
-0.3567328213078717,0.0
0.7627936200142018,0.0
-0.26533036474319094,0.0
-0.4315254887662222,0.0
0.4825265630052109,0.0
-0.5217786979185395,0.0
0.48872843476662764,0.0
-0.04533285845465218,0.0
-0.5356964240796628,0.0
-0.29447042295528736,0.0
0.5027104282126007,0.0
-0.7754838201836791,0.0
0.5071235651176705,0.0
0.37533595784349827,0.0
-0.12350311254984987,0.0
0.07592146613612412,0.0
-0.23712564069946726,0.0
-1.2131780048226308,0.0
-0.7727148027583629,0.0
1.2796384309656346,0.0
-0.18221007364152925,0.0
-0.8292128633735748,0.0
0.49081835003723767,0.0
-0.04125975180316509,0.0
-0.3151675451899309,0.0
0.02967092318780953,0.0
0.6027014944393874,0.0
0.10407776169553185,0.0
-1.2948648048090392,0.0
-0.0007473110578948154,0.0
-0.3932069724934168,0.0
-0.5801675942028811,0.0
-0.13413873240143398,0.0
0.19727099512750534,0.0
0.6443479067641267,0.0
0.14362393019241795,0.0
0.4464518553719645,0.0
0.30253420655743773,0.0
0.09806057549189902,0.0
0.15994026692113705,0.0
-0.14519961141451218,0.0
-0.14144916700906318,0.0
-0.49372978441059723,0.0
-0.2517769208368576,0.0
0.22133111190907628,0.0
-0.0993969174803432,0.0
-0.3957905934923238,0.0
0.06820141864580623,0.0
-0.27054377769201965,0.0
0.2389063300451384,0.0
0.6726677118847139,0.0
0.8395364271351295,0.0
0.6936359895794851,0.0
-0.6897037607570022,0.0
0.8797021206028051,0.0
-0.19902086237843775,0.0
0.4355462028455811,0.0
0.8899568923781249,0.0
-0.14486469680577782,0.0
0.8369623146169074,0.0
-0.04875629046171421,0.0
0.8085069351708573,0.0
-0.3187130131353518,0.0
0.20833573834999655,0.0
0.45359088534309017,0.0
-0.3230647105137776,0.0
0.3749350279863075,0.0
0.015810601833506806,0.0
0.2949266921948064,0.0
-0.7530196019522617,0.0
0.4806809870008044,0.0
0.3020535812931276,0.0
0.09567123976833697,0.0
0.16777371483049533,0.0
0.09829941193868771,0.0
0.5387804861642352,0.0
-0.6938480900993889,0.0
0.1582681953133127,0.0
0.4120569117819953,0.0
-0.18812470915327256,0.0
-0.10574362290624886,0.0
0.9173656722876904,0.0
-0.10479671703091112,0.0
0.04640309162128836,0.0
-0.2603579136082496,0.0
0.35435945838289107,0.0
0.4193350923507421,0.0
0.0023208915175657995,0.0
-0.3325761781479921,0.0
-0.6031222173500655,0.0
0.3615297047711526,0.0
0.1710718759201208,0.0
-0.02250241086823331,0.0
-0.17292002010238552,0.0
-0.08738833692748008,0.0
-0.30292978763636946,0.0
0.36334463062552286,0.0
0.20601267561239126,0.0
1.1390457522147115,0.0
-0.5158209101107671,0.0
-0.8086440475024443,0.0
0.010654176835206815,0.0
0.5728421635615827,0.0
-0.1755192717579416,0.0
0.8376000679612389,0.0
-0.7721311622403634,0.0
-0.35420422056033685,0.0
-0.23496318554333964,0.0
-0.4513355291909699,0.0
0.13207932994783633,0.0
0.49355595239812206,0.0
0.9899163980613557,0.0
-0.3727101520236819,0.0
0.4192969892834319,0.0
0.4805800873665251,0.0
-0.37808962736979373,0.0
0.9264290192455077,0.0
0.42072050424551194,0.0
-0.6963046272649042,0.0
-0.392122679552164,0.0
0.8626193226864088,0.0
-0.47746783352606303,0.0
0.46208529688806205,0.0
0.44382688733669057,0.0
-0.621511618505814,0.0
-1.1885580946368455,0.0
-0.2728339242103133,0.0
0.09245520758589798,0.0
0.36804580265020176,0.0
-0.6102541944189498,0.0
-0.7801796165137465,0.0
0.456009542346179,0.0
0.15342649498649694,0.0
0.5600856090990078,0.0
0.5186249412705197,0.0
0.7676015023003484,0.0
0.5572003971172693,0.0
-0.11506421176885676,0.0
-0.4476421487071213,0.0
-0.2137099916386957,0.0
-0.4290750709485635,0.0
0.35304249660450043,0.0
0.6856991779349914,0.0
-1.198644831305876,0.0
-0.4479023287759192,0.0
-0.17446493796281404,0.0
0.24811956432310914,0.0
0.07522060557193683,0.0
0.2718245257968536,0.0
-0.10151006658831624,0.0
0.09212851060376331,0.0
-0.08604796069307892,0.0
-0.15673490792704395,0.0
-0.2190997564041778,0.0
0.3140280084488029,0.0
-0.24299986143271787,0.0
0.043808462292884764,0.0
0.03751605369433644,0.0
-0.014176781279205387,0.0
-0.5164990412331693,0.0
-0.08658255971250392,0.0
0.7939241154470127,0.0
0.23053982565412479,0.0
-0.8535756079867185,0.0
0.45904050622502923,0.0
0.3145701969380882,0.0
-1.2220023326370137,0.0
0.5154508619627745,0.0
0.9291748655295105,0.0
-1.147966454048731,0.0
0.4001115845096149,0.0
-0.022520629328743543,0.0
0.0995338905905226,0.0
0.6658592421597023,0.0
0.10509986600791031,0.0
-0.41113489609470266,0.0
-0.01783356998496894,0.0
-0.43132434488076665,0.0
-0.13026575428418505,0.0
-0.6060174955444222,0.0
-0.5827369190615008,0.0
0.8003584386256151,0.0
-0.4857162893749719,0.0
0.05924344717959853,0.0
0.39054200462437016,0.0
-0.19899619365600638,0.0
-0.40405213985821836,0.0
-0.8981176584467379,0.0
0.4049411658380282,0.0
0.2709441302906161,0.0
0.35805900842692484,0.0
-0.11361666046159143,0.0
0.8390794481692896,0.0
0.6471018958626986,0.0
0.2593331847125719,0.0
0.2395268062473745,0.0
-0.0824099503806338,0.0
0.21287017637782088,0.0
0.024210374777495335,0.0
0.5995010650851047,0.0
0.02128693429555155,0.0
-0.20825929332560394,0.0
-0.49534847456255415,0.0
-1.0865251016795858,0.0
-0.7237379471632466,0.0
-0.33816969647643635,0.0
-0.7211640943738203,0.0
-0.8601224445781299,0.0
-0.980355322451959,0.0
0.0531455810075913,0.0
-0.4133191088853003,0.0
0.71617052796962,0.0
0.6871830445785272,0.0
0.11152723230929641,0.0
0.09204852127589223,0.0
0.056443123287428336,0.0
-0.25557169265188723,0.0
-0.5320834087184158,0.0
-0.10772547930808951,0.0
0.6220476726517753,0.0
0.13163253946254128,0.0
